loss_function,sharpe_score,mean_correlation,std_correlation,training_time,convergence_epochs
Pearson_Sharpe,0.7053913437139352,0.05631393452828636,0.07983360588434432,1.4838476181030273,13
Spearman_Soft,0.37322981549105305,0.06251216170174384,0.1674897318144251,1.1050114631652832,20
Adaptive_Sharpe,0.445481675833969,0.09242145679236059,0.2074641041505062,1.2475271224975586,20
Combined_Loss,0.8704798834958264,0.10410659951622564,0.11959678964450737,1.2197210788726807,18
MSE_Baseline,-0.44187643589119435,-0.08116789449309088,0.18368912189080228,0.3473975658416748,20
